{"Loss": 0.08409801684319973, "_runtime": 145, "_timestamp": 1632718737, "_step": 399, "Val Loss": 0.0631137564778328, "Acc": 84.19999999999999, "Val Acc": 79.4, "_wandb": {"runtime": 144}}